id;code;description;location;tag
1;1380338;5881 фон.рир.проекции;ТВ студия;баланс
2;26627;DVD- рекордер Sony RDR-GX310;Склад;баланс
3;1380432;DVD-рекордер;Склад;баланс
4;1380331;FM-Процессор;ТРПЦ;баланс
5;1380882;FM-Процессор CRL Amigo FM;ТРПЦ;баланс
6;34402201200008;HDD 750 GB Seagate SATA-II ST3750330AS (7200rpm) 32Mb NCQ;То шкаф слева;баланс
7;35203201300001;Автомобиль LADA  213100 Белый;ТРК;баланс
8;9395047;Автомобиль LADA 213100;ТРК;баланс
9;34405201200006;Алми  транспортировочный кофр Z1/FX1;Опер;баланс
10;34405201200005;Алми Beta S, транспортировочный кофр;Склад;баланс
11;1380080;Антено-фидерное устройство;ТРПЦ;баланс
12;1380138;Аудиодека;Склад;баланс
13;1380199;Аудиомикшер;Склад;баланс
14;1380200;Аудиомикшер;Склад;баланс
15;24204201200001;Аудиомикшер Mackie MS-1402VLZ;Склад;баланс
16;1380140;Аудиомикшерский пульт;Склад;баланс
17;34502201700003;Беспроводная система Sennhaeiser;Опер2;баланс
18;1380607;Блок питания ИБП;Тв-студия;баланс
19;1380229;Видеокамера;Склад;баланс
20;1380259;Видеокамера;То стеллаж;баланс
21;1380307;Видеокамера;То стеллаж;баланс
22;1380314;Видеокамера;Склад;баланс
23;34203202100007;Видеокамера Canon XA-45;ТВ студия;баланс
24;34504201500003;Видеокамера DVCAM Sony DSR-400PK;Склад;баланс
25;34403202100006;Видеокамера Panasonic HC-X1;Опер2;баланс
26;1380884-1;Видеокамера Soni;Склад;баланс
27;1380293;Видеокамера Sony DSR 170PD;Склад;баланс
28;24504201500001;Видеокамера Sony DSR-400PL;Склад;баланс
29;24404201200005;Видеокамера Sony HVR-S270P;Склад;баланс
30;34403202100001;Видеокамера Sony HXR-NX100 в комплекте с плечевым упором;Опер2;баланс
31;34403202100002;Видеокамера Sony HXR-NX100 в комплекте с плечевым упором;Опер;баланс
32;24504201400001;Видеокамера Sony PMW-200;Опер;баланс
33;34503202300001;Видеокамера Sony PXW-Z190 в комплекте 1 шт.(жилет Оператора Алми АЛЬФА-N размер 52 бежевый 1 шт., накамерный свет Luxmen X6 LED Pro 1шт.);Опер2;баланс
34;1380683-1;Видеокарта;Газета 6;баланс
35;1380435;Видеокарта SYGA;То комп №42;баланс
36;1380231;Видеомагнитофон;Опер2;баланс
37;1380251;Видеомагнитофон;То стеллаж;баланс
38;1380265;Видеомагнитофон;Склад;баланс
39;1380308;Видеомагнитофон;Склад;баланс
40;1380310;Видеомагнитофон;Склад;баланс
41;1380427;Видеомагнитофон;То тумба слева;баланс
42;1380879;Видеомагнитофон DSR;Склад;баланс
43;34204201800001;Видеомагнитофон DVCAM DSR-20;Опер2;баланс
44;1380883;Видеомагнитофон Soni DSR-45;Склад;баланс
45;34404201200003;Видеомагнитофон Sony HVR-M15AP;Опер2;баланс
46;34404201200004;Видеомагнитофон Sony HVR-M15AЕ;Склад;баланс
47;1380134;Видеомикшер;Склад;баланс
48;1380135;Видеомикшер;СПИСАН 2022;баланс
49;1380323;Видеомикшер;Тв-студия;баланс
50;1380690;Видеомикшер;То;баланс
51;1380880;Видеомонитор Logovision FM3-6R;Склад;баланс
52;1380187;Видеоплата;Склад;баланс
53;1380551;Видеоплата;То шкаф;баланс
54;1380612;Видеоплата;Склад №39 комп;баланс
55;1380614;Видеоплата;Склад комп BKP;баланс
56;24404201300001;"Видеоплата ""Forward TA""  с внешней активной коммутационной панелью";ТРПЦ;баланс
57;9395054;Винчестер 1000 GB Seagate;Газета 6 №1380771комп;баланс
58;34402201200002;Винчестер 1000 GB WD WD10EADS (5400rpm) 32Mb;Опер2 TV-sborka;баланс
59;26656;Винчестер 500 GB  Samsung SATA II, 7200, 16 Mb;То №32 комп Tr-ing;баланс
60;26705;Винчестер 500 GB Seagate ST3500320AS SATAII.32MB;СПИСАН 2022;баланс
61;26631;Внешняя вспышка Nikon SB-600, i-TTL, для фотокамер;Газета у фотографа;баланс
62;1380693;Головка штативная;Тв-студия;баланс
63;1380816;Диктофон;То шкаф слева;баланс
64;1380443;Диктофон DM-20;То шкаф слева;баланс
65;1380444;Диктофон DM-20;То шкаф слева;баланс
66;34504201400003;Диктофон цифровой Sony ICD-TX50;ИТ отдел Посохова;баланс
67;34504201400004;Диктофон цифровой Sony ICD-TX50;То шкаф слева;баланс
68;34204201400001;Диктофон цифровой Zoom H1;Газета Кононыхина О.;баланс
69;34502201700002;Диктофон цифровой Zoom H1;То шкаф;баланс
70;34502201700005;Диктофон цифровой Zoom H1;ИТ отдел;баланс
71;34502201700004;Диктофон цифровой Zoom H1;То шкаф слева;баланс
72;1380405;Дин. обработка DBX;ТРПЦ;баланс
73;36200202200002;Дождевик Sony HXR NX100;Опер2;баланс
74;1380525;Жесткий диск;Склад;баланс
75;1380535;Жесткий диск;То шкаф для архива;баланс
76;1380606;Жесткий диск;Склад в Архиве;баланс
77;1380611;Жесткий диск;То в шкафу;баланс
78;1380410;Жесткий диск 160;Склад №28 Server;баланс
79;1380539;Жесткий диск HDD;Тв-редакторы №17 комп;баланс
80;1380543;Жесткий диск HDD;Склад комп №40;баланс
81;1700055;Жесткий диск HDD 500 GB WD SATA-II 500Gb;Газета 2 №9 комп;баланс
82;1380411;Жесткий диск HDD250;То №5 комп;баланс
83;1380412;Жесткий диск НDD250;Склад №28 Server;баланс
84;1380524;Зарядное устройство CL-101;Опер2;баланс
85;1380892;Зарядное устройство IDX;Опер2;баланс
86;1380139;Звуковой микшер;Склад;баланс
87;12408201500001;Здание гаража № 5;Дорога на комбинат;баланс
88;12408201400001;Здание гаража № 6;Дорога на комбинат;баланс
89;1630287-1;Здание ТРПЦ;Троицкая 3;баланс
90;1380622;ИБП;Склад;баланс
91;34402201200007;ИБП CYBERPOWER V-1200-E, черный;Тв студия;баланс
92;1630096;Кабель R6-66;Склад;баланс
93;1380817;Камкодер Soni;Склад;баланс
94;15022014000001;Карта памяти Sony SBS-32G1A;Опер у Артема;баланс
95;00002201500001;Карта памяти Sony SBS-32G1A;Опер у Артема;баланс
96;34203202200002;Квадрокоптер DJI Mavic Air 2 Fly More Combo, серый;Опер2;баланс
97;34502201300001;Кодер/транскодер MPEG-2/H.264/HD/SD c ASI/MUX/IP DCH-5200EC-40 PBI (c2);ТРПЦ;баланс
98;26700;Коммутатор D-Link DGS-1008D/E 8-ти портовый коммутатор;То тумба D-link;баланс
99;9395171 (3440321400001);Коммутатор D-Link DGS-1016A/ata 16x10/100/1000 Mbps Ethemet ports, Layer 2 unmanaged Gigabit Switch, Plastic case with extemai adapter;Учебный класс;баланс
100;34502201800001;Комплект в составе;Верстка;баланс
101;34502201800002;Комплект в составе;Газета;баланс
102;34502201800003;Комплект в составе;Верстка;баланс
103;34502201800004;Комплект в составе;Верстка;баланс
104;34503201900001;Комплект постоянного света DAN-1741 Fotokvant FL-15 KIT;Склад+ТВ студия;баланс
105;34204201300001;Комплект система видеонаблюдения KG-CA 104-H02;МЧС;баланс
106;34504201500004;Комплект студийной камеры;Склад;баланс
107;1380264;Компьютер;Склад;баланс
108;1380266;Компьютер;Газета МониторТРПЦРезерв;баланс
109;1380691-1;Компьютер;ТРПЦ (Форвард)+Монитор в ИТ отдел;баланс
110;34402201200004;Компьютер;Опер - только монитор;баланс
111;34402201200005;Компьютер;То монитор;баланс
112;34502201600001;Компьютер в сборе;Опер;баланс
113;9395055;Компьютер в сборе;Опер2;баланс
114;9395059;Компьютер в сборе;Тв-студия;баланс
115;13808861;Конвертер BWC07x86;То шкаф;баланс
116;34202201400001;Конвертер Videosolutions AS-201AV;То шкаф;баланс
117;1380608;Корпус;То в Nto;баланс
118;34402201200001;Корпус 3Q 2015A 400W без кабеля питания ilver (FSP-400PNR) silver/silver-blac;Газета у Елькиной;баланс
119;1380499;Корпус ДТП;ТРПЦ №2 Radiorecord;баланс
120;26741;КТКП - (кк) 63-100/0,4с;ТРПЦ;баланс
121;1380679;Материнская плата;Склад комп №40;баланс
122;1380904;Материнская плата SOCKET;То комп №42;баланс
123;26736;Материнская плата SOCKET775 Gigabute GA-EG43M-S2H G43+IH10 4xDDR2(8Gb), VGA(RGB+DVI+HDMI)+1xPCle-x16(x4), 1xPCle-x;То в Nto;баланс
124;26669;Материнская плата SOCKET775 Intel DG965S SCK IG965 FSB1066 4DDR2;Газета2 №9 комп;баланс
125;9395170 (34505201400001)          ;Медиаплеер Dune HD TV-102W-T2;То шкаф;баланс
126;1380407;Микрофон;ТРПЦ;баланс
127;1380841;Микрофон;Ит-отдел;баланс
128;1380842;Микрофон;То стеллаж;баланс
129;1380684;Микрофон  М63LG;То стеллаж;баланс
130;24405201200002;Микрофон D-230 AKG;То стеллаж;баланс
131;34405201200001;Микрофон D-230 AKG;То стеллаж;баланс
132;1380836;Микрофон Shure;То стеллаж;баланс
133;1380837;Микрофон Shure;То стеллаж;баланс
134;24405201200001;Микрофон Shure SM 7 (M);Студия звука;баланс
135;1380716;Микрофон Shvr;То стеллаж;баланс
136;1380406;Микрофон Superlex;То стеллаж;баланс
137;1630085;Мини диск;Склад;баланс
138;34503201300001;Модуль приемника PBI DMM-1500P-44S2 DVB-S2IRD;В Луче АКТ;баланс
139;34202201300001;Модулятор QAM DMM-1300TM-AC;В ТВ-Сервис АКТ;баланс
140;38202201300001;Модулятор WISI-OV36A A/V modulator stereo VNF/UNF;В ТВ-Сервис АКТ;баланс
141;1380208;Монитор;Склад;баланс
142;1380250;Монитор;ТРПЦ;баланс
143;1380332;Монитор;МЧС;баланс
144;1380333;Монитор;Склад;баланс
145;1380498;Монитор;Склад;баланс
146;1380521;Монитор;Склад;баланс
147;1380579;Монитор;Склад;баланс
148;1380587;Монитор;ТРПЦ;баланс
149;138519;Монитор;ТРПЦ;баланс
150;24404201200006;"Монитор 17""   LCD ASUS MM 17TE-P, стерео черный";Газета;баланс
151;1700044;"Монитор 17""   LCD Philips 170C7FS";То;баланс
152;26643;"Монитор 17"" LCD Philips 170 C7FS";ТВ-редакторы;баланс
153;26655;"Монитор 17"" LCD Philips 170 C7FS";ТРПЦ;баланс
154;1380832;Монитор 19;Склад;баланс
155;24404201200003;"Монитор 19 ""Hyudai""";Газета;баланс
156;24404201200001;"Монитор 19""LCD Philips 190V3LSB/01";Склад;баланс
157;24404201200002;"Монитор 20"" LCD LG E2041S BN LED";Реклама;баланс
158;24404201200007;"Монитор 20"" LCD Philips 206 V3LSB2/01 LED DVI";зам директора;баланс
159;1700008;"Монитор 20"" LGTFT L204WT SF";То;баланс
160;34404201200006;"Монитор 21.5""   LCD ASUS VH222D";Опер2;баланс
161;9395048;"Монитор 22"" LCD  LG W2243S*PF Full HD";То;баланс
162;26707;"Монитор 22"" LCD LCD Acer AL2216Wasd TCO99.1680*1050. 300кд, 700:1, 5мс, TN, 170/160, DVI";Опер2;баланс
163;34202201200002;"Монитор 22"" LCD Samsung";ТВ-редакторы;баланс
164;34202201200003;"Монитор 22"" LCD Samsung";Опер2;баланс
165;1380439;Монитор LCD;Склад;баланс
166;1380698;Монитор ЖК;Бухгалтерия;баланс
167;1380699;Монитор ЖК;Студия звука;баланс
168;1380700;Монитор ЖК;ТВ-редакторы;баланс
169;1380701;Монитор ЖК;ТВ-редакторы;баланс
170;1380702;Монитор ЖК;ТРПЦ;баланс
171;1380703;Монитор ЖК;Газета;баланс
172;1380704;Монитор ЖК;Учебный класс;баланс
173;1380705;Монитор ЖК;Реклама;баланс
174;1380706;Монитор ЖК;ТРПЦ;баланс
175;1380822;Монитор ЖК;Опер2;баланс
176;1700016;Монитор ЖК  LCD ViewSonic VG730M-3 8ms silver/black, DVI, M/M;Бухгалтерия;баланс
177;1380915;Монитор ЖК LCD ASUS MM17T;Секретарь;баланс
178;1380906;Монитор ЖК LCD ASUS MM19SE;Опер;баланс
179;1380845;Монитор ЖК Samsung;Склад;баланс
180;1380847;Монитор ЖК Samsung;Реклама;баланс
181;1380848;Монитор ЖК Samsung;ИТ отдел;баланс
182;26728;"Монитор ЖКД 22"" Samsung";ТВ-студия;баланс
183;1380433;Монитор-19;Склад;баланс
184;34202201300002;МФУ HP LaserJet M1132RU CE847;Бухгалтерия;баланс
185;34203202000002;Накамерная радиосистема Evolution Sennheiser EW 135P;Опер2;баланс
186;34203202000001;Накамерная радиосистема Evolution Sennheiser EW 135P;То шкаф;баланс
187;1380533;Накамерный свет;То шкаф;баланс
188;34201202100001;Накамерный свет SwitS-2041F;Опер2;баланс
189;9395050;"Накопитель 60 GB SSD OCZ Vertex 3 2.5""";Газета 7;баланс
190;1630288;Наружные сети водопровода ТРПЦ;ТРПЦ;баланс
191;1630289;Наружные сети канализации ТРПЦ;ТРПЦ;баланс
192;1380408;Настенная сплит. система;ТРПЦ;баланс
193;1380710;Ноутбук;То шкаф слева;баланс
194;9395053;"Ноутбук ""Samsung""";То;баланс
195;34402201400001;"Ноутбук HP 15,6""6570b i5-3230M";То;баланс
196;9395051;"Ноутбук NB TOSHIBA Satellite 17.3"" C870-CLK Cel";ТВ студия;баланс
197;26739;Оборудование охранной сигнализации;То;баланс
198;34403202000001;"Объектив ""Nikon 18-300mm f/3/5-6/3G AF-DX ED VR Nikkor""";Газета у фотографа;баланс
199;34502201400002;Объектив Canon EF-S 18-200mm F3.5-5.6 IS;Учебный класс;баланс
200;34505201500003;Объектив Canon YJ19x9B4 IRS SX12. объектив;Склад;баланс
201;1380874;Объектив Fujinon;Склад;баланс
202;13808851;Объектив Fujinon;Склад;баланс
203;34505202100001;Объектив Tamron 35-150mm F/2.8-4 Di VC OSD Nikon F;Газета у фотографа;баланс
204;34203202200006;Осветитель светодиодный GreenBean UltraPanel II 1092 LED Bi-color;Опер2;баланс
205;34203202200007;Осветитель светодиодный GreenBean UltraPanel II 1092 LED Bi-color;Опер2;баланс
206;1380422;Осветительный комплект;Опер4;баланс
207;1380423;Осветительный комплект;Опер5;баланс
208;26748;Память DDR2 2048Mb 1333MHz Patriot;ТРПЦ Rezerv;баланс
209;1380899;Пантограф Superlux;ТРПЦ;баланс
210;1700056;Пантограф Superlux HM 49;ТРПЦ;баланс
211;1380881;"Передатчик ""Веста"" М-100";ТРПЦ;баланс
212;1380428;Передатчик монтажа;Склад;баланс
213;1380078;Передатчик ПТМВ-100;ТРПЦ;баланс
214;1380446;Передатчик Угра;ТРПЦ;баланс
215;1380404;Плата Pinnacle Liquid;То тумбочка;баланс
216;1380537;Плата RTX;То В AirServer №44;баланс
217;1380835;Плата видеомонтажная;То шкаф;баланс
218;26690;Преобразователь Les DS-211NS;ТРПЦ;баланс
219;36203202300001;Пресс-волл;Склад;баланс
220;1380445;Принтер;Склад;баланс
221;1700066;Принтер Canon i-Sensys LBP-3010B;То;баланс
222;1700067;Принтер Canon i-Sensys MF4018;Секретарь;баланс
223;34502201700001;Принтер Canon LBP251dw лазерный А4;Склад;баланс
224;1380709;Принтер Hp Laser;ТВ-редакторы;баланс
225;1700068;Принтер Hp Laser P1566 A4;ТВ-студия;баланс
226;1700069;Принтер Hp Laser P1566 A4;Газета;баланс
227;1700071;Принтер Hp Laser P1566 A4;ИТ отдел;баланс
228;24402201200003;Принтер Hp Laser P1566 A4;Верстка;баланс
229;34402201200003;Принтер НР LaserJet 5200TN;Верстка;баланс
230;1380552;Процессор;Склад в Архиве;баланс
231;1380584;Процессор;ТВ-студия №46 Pozdravlenie;баланс
232;1380609;Процессор;То шкаф;баланс
233;1380619;Процессор;То шкаф;баланс
234;1380677;Процессор;Склад;баланс
235;1380808;Процессор;Ит-отдел коип №19;баланс
236;1380840;Процессор;Реклама комп №37;баланс
237;1380721;Процессор  Intel;Склад комп №40;баланс
238;1380724;Процессор  Intel;Склад;баланс
239;1380720;Процессор Intel;Склад №29;баланс
240;1380722;Процессор Intel;;баланс
241;1380723;Процессор Intel;То шкаф;баланс
242;1380825;Процессор Intel;То №5 комп;баланс
243;1380867;Процессор Intel  Pentium-4 517;То шкаф;баланс
244;1700052;Процессор Intel (Socet 775) Core 2 Duo E6400 2.13GHz;То №32 комп;баланс
245;26702;Процессор Intel (Socet 775) Core 2 Duo E6750 2.67/1333/4М Box;Газета у Елькиной;баланс
246;26670;Процессор Intel (Socet 775) Сore 2Duo E6600 2.4 GHz 4M-1066MHz Box;Газета 2 №9 комп;баланс
247;101041489033;Процессор Intel (Socet 775) Сore 2Duo E8400 3.0 /1333/6М;То в Nto;баланс
248;1380416;Процессор S-478;Склад №47комп;баланс
249;1380415;Процессор S-775;То №8 комп;баланс
250;1380438;Процессор S-775;Склад №39 комп;баланс
251;1880861;Процессор S775 Intel;То шкаф;баланс
252;1380849;Процессор S-775 Intel;То В AirServer №45;баланс
253;1380502;Процессор Tentel;То шкаф;баланс
254;1380214;Пульт;Студия звука;баланс
255;1380216;Пульт;ТРПЦ;баланс
256;26646;Пылесос вакуумный 3М для тонера;То;баланс
257;26715;Радиовещательный передатчик ТХ250(серия Plus) со встроенным стерео-кодером;ТРПЦ;баланс
258;26716;Радиовещательный передатчик ТХ250(серия Plus) со встроенным стерео-кодером;ТРПЦ;баланс
259;1380818;Радиосистема;Опер2(приемник) Опер(микрофон)А у Дудакова, То прием;баланс
260;26713;Радиосистема EW 122P G3 Sennheiser;Опер3;баланс
261;26714;Радиосистема EW 122P G3 Stnnheiser;То;баланс
262;1380401;Радиосистема Sennh;Опер у Дудакова (приемник) ТВ-студия (передатчик);баланс
263;1380402;Радиосистема Sennh;То;баланс
264;1380403;Радиосистема Sennh;Опер петл, То прием;баланс
265;34203202200005;Радиосистема Sennheiser EW 135P G4-A накамерная радиосистема, приемник-ручной передатчик;Опер;баланс
266;1630168;Радиотелефон;То;баланс
267;1380400;Рекордер Soni;Опер;баланс
268;1380819;Рекордер Soni;То стелаж;баланс
269;24404201200004;Рекордер Soni HVR-MRCIK;То шкаф;баланс
270;34505201500004;Рекордер Sony HVR-M15E;Склад;баланс
271;26712;Ресивертриколор (комплект);ТРПЦ;баланс
272;34505201500005;Светильник   S-LIGHT 220DIM светильник Logocam;ТВ-студия;баланс
273;34505201500006;Светильник   S-LIGHT 220DIM светильник Logocam;ТВ-студия;баланс
274;1380894;Светильник накамерный Logocam;Опер синяя сумка;баланс
275;1380313;Сервер;Склад;баланс
276;1380582;Системная плата;Завхоз;баланс
277;1380642;Системная плата;Склад №47комп ;баланс
278;1380668;Системная плата;Гезета у Елькиной;баланс
279;1700042;Системная плата  Asus P5B-E  S775;То №32 комп;баланс
280;26654;Системная плата  Asus P5B-VM iG965 (4DDR VIDEO SB GLAN PCI-E);То шкаф;баланс
281;1380824;Системная плата Delux;Газета 6 №1380771комп;баланс
282;1380441;Системная плата MB S775;Склад;баланс
283;26667;Системная плата S-775 ASUS P5B Soc-775 iP965 ATX SATA AC97 8ch LAN-Gbt;Склад №39 комп;баланс
284;1380858;Системная плата S-775 ASUS PS;;баланс
285;1380204;Системный блок;Газета 2 Шамраева;баланс
286;26734;Системный блок;То №8 комп;баланс
287;24402201200001;Системный блок;Опер2;баланс
288;24405201200003;Системный блок;Газета №18Комп Газета3;баланс
289;34402202100010;Системный блок;Склад;баланс
290;26735;Системный блок Core i15;Операторы комп №45;баланс
291;34201201900001;Системный блок в сборе;Бухгалтерия;баланс
292;34201202200001;Системный блок в сборе;Опер2 Коробейников Ал.;баланс
293;34201202200002;Системный блок в сборе;Опер2 комп №56;баланс
294;9395168 (34503201400001)       ;Системный блок в сборе Core i5-3570/DDR3 8192Mb Corsair;Тв-редакторы (Рудикова);баланс
295;1380718;Системный блок ПК;Склад;баланс
296;26733;Системный блок ПК;ИТ отдел;баланс
297;1700072 (34005201400001)          ;Сканер Canon CanonScan LIDE 110USB;Реклама;баланс
298;34200202200001;Смартфон Xiaomi Redmi Note 10 Pro 8/128GB Синий;ИТ отдел У Набережных;баланс
299;36203201300001;Сотовый телефон  Explay HD Quad;То шкаф;баланс
300;34203201500001;Спутниковый  приемник SkyWay Classic 4 HD CL+;ТРПЦ;баланс
301;24504201200001;Стабилизатор напряжения PROGRESS 5000 TR;ТРПЦ;баланс
302;34504201400001;Стабилизатор напряжения PROGRESS 5000 TR;ТРПЦ;баланс
303;34504201400002;Стабилизатор напряжения PROGRESS 5000 TR;ТРПЦ;баланс
304;1380335;Станция звукозаписи;ИТ отдел + Монитор ТРПЦ;баланс
305;1380186;Станция не линейного монтажа;Склад+То шкаф;баланс
306;34403202100005;Стедикам GlidecamHD-2000;Опер2;баланс
307;24505201200001;Стойка PROGRESS 36  с блоком контроля сети и БАЙПАС;ТРПЦ;баланс
308;1380901;Стойка ZPAS;ТРПЦ;баланс
309;1380260;Телебашня;ТРПЦ;баланс
310;1380127;Телевизор;Склад;баланс
311;34504201500005;Телевизор BBK 19'' 19LEM-3082/T2C Navia  черный LED/HD;Опер;баланс
312;34204202100009;"Телевизор BBK 32LEM-1043/TS2C32"" HD";Тв-студия;баланс
313;1380420;Телевизор G F65M;Склад;баланс
314;34500201700001;Телевизор LED Telefunken 18.5 TF-LED19S46T2;ТВ-студия;баланс
315;34201202100002;Телевизор LED Telefunken TF-LED32S78T2;ТРПЦ;баланс
316;9395169 (15042014000001)           ;"Телевизор LG 22"" N450U черный  HD DVB-T2/C/S2 (RUS)";ТРПЦ;баланс
317;1380419;Телевизор LG F65M;;баланс
318;34404201200001;"Телевизор Prology 7"" HDTV-70L портативный 16:9 ТВ-тюнер черный";ТРПЦ;баланс
319;1380458;Телевизор Soni;ТРПЦ;баланс
320;1380459;Телевизор Soni;ТРПЦ;баланс
321;34204202100002;Телевизор Telefunken TF-LED24S22T2;То;баланс
322;34204202100006;Телевизор Telefunken TF-LED24S22T2;Опер2;баланс
323;34204202100007;Телевизор Telefunken TF-LED24S22T2;ТРПЦ;баланс
324;34204202100008;Телевизор Telefunken TF-LED24S22T2;ТРПЦ;баланс
325;1380598;Телевизор Thomson;Склад;баланс
326;26647;Телевизор TOSHIBA 14CJ1RB;ТРПЦ;баланс
327;1380695;Тележка;ТВ-студия;баланс
328;1380692;Телесуфлер;ТВ-студия;баланс
329;34205202200001;Телесуфлер PIXAERO MOBUS S;Опер2;баланс
330;36203201200001;Телефон Nokia E72-1 navy zodium black;То шкаф;баланс
331;34505201500002;Транспортировочный кофр Алми Веtа 60;Опер2;баланс
332;1380875;Транспортный  кофр Almi;Склад;баланс
333;34503201400002;Транспортный  кофр Алми Кси GP51;Опер2;баланс
334;13808881;Транспортный кофр Ката;Склад;баланс
335;1380895;Транспортный кофр Ката;Склад;баланс
336;1700057;Трансформатор Les TR-11N2;ТРПЦ;баланс
337;1380694;Тренога;Тв-студия;баланс
338;34505201400002;Устройство считывания карт Sony SBAS-US20;Опер;баланс
339;1380712;Факс;Секретарь;баланс
340;1700073;Факс Panasonic;Склад;баланс
341;36204201700001;Фискальный регистратор ПТК Viki Print 57 Ф;Реклама;баланс
342;34202201400002;Флешкарта для видеокамеры Сони;Опер;баланс
343;1380424;Фон-рир проекции;Склад;баланс
344;00203201700001;Фотоаппарат цифровой зеркальный Nikon D3400+AF-P 18-55 II KIT;Газета Шамраева;баланс
345;00402202000001;"Фотокамера "" Nikon D750 Body цифровая зеркальная";Газета у фотографа;баланс
346;34503201400003;Фотокамера Canon EOS 7D Body;Учебный класс;баланс
347;34504201500001;Цифровая видеокамера DVCAM Sony DSR-250P;Учебный класс;баланс
348;34504201500002;Цифровая видеокамера DVCAM Sony DSR-250P;Склад;баланс
349;9395146           ;Цифровой декодер DMM-1500P-44S2;ТРПЦ в ресивере;баланс
350;020000000000050;Часть первого и второй этаж здания;На Дзержинского;баланс
351;1380322;Чехол алми;Склад;баланс
352;1380326;Чехол алми;Склад;баланс
353;1380889;"Чехол Алми ""Белый медведь""";Склад;баланс
354;1380320;Чехол ката;Склад;баланс
355;1380321;Чехол ката;Склад;баланс
356;1380325;Чехол ката;Склад на камере;баланс
357;13808871;Чехол Ката;Склад;баланс
358;1380315;Штатив;Склад;баланс
359;1380324;Штатив;Склад;баланс
360;1380230;Штатив + салазки;Склад;баланс
361;34403202100003;Штатив Libec 650 EX;Опер;баланс
362;34403202100004;Штатив Libec TH-X;Опер2;баланс
363;1380890;Штатив Manfrotto;Склад;баланс
364;34405201200004;Штатив Manfrotto;Склад;баланс
365;34405201200002;Штатив Manfrotto 501HDV/546GBK;Склад;баланс
366;9395174  (34505201400003)       ;Штатив Manfrotto 502А/546GBK;Опер;баланс
367;1380876;Штатив Vinten PRO-10PC;Опер2;баланс
368;34505201500007;Штатив Vinten V-6AP2;Склад;баланс
369;34505201500008;Штатив Vinten Vision 3;Склад;баланс
370;34505201500001;Штатив с кофром Manfrotto 504 HDV/546GBK;Опер2;баланс
371;1380522;Штатив ТН-650;Склад;баланс
372;34405201200003;Штативный адаптер Sony VCT-U14;Склад;баланс
373;34203202200003;Экшн-камера GoPro HERO9 Black Edition черный;Опер2;баланс
374;1380334;Эфирная станция;Бухгалтерия;баланс
375;1380833           ;Case INWIN Q 500;Склад №40;забаланс
376;1380829           ;DVD\R WNEC ND-3550;Склад;забаланс
377;1380912           ;DVD+/-RW NEC AD7170A-01RAM;;забаланс
378;26710             ;DVD+/-RW NEC AD7203S-0B SCATA (черн.);;забаланс
379;1380639           ;HDD-160;;забаланс
380;9395290 (36202202100001)        ;Адаптер AC-VL1;Опер;забаланс
381;9395200 (12032015000004);Антенна спутниковая Супрал;;забаланс
382;9395283 (34203202100001)          ;Антенна ТВ наружная Локус Меридиан-12F;Склад;забаланс
383;9395284 (34203202100002)          ;Антенна ТВ наружная Локус Меридиан-12F;Склад;забаланс
384;1380500           ;Блок бесперебойного питания;Опер2;забаланс
385;1380676           ;Блок бесперебойного питания;ТВ-редакторы;забаланс
386;1380528           ;Блок питания;ТВ-редакторы;забаланс
387;26733-2           ;Блок питания для корпуса АТХ 400w;;забаланс
388;267334;Блок питания для корпуса АТХ 420w ACBEL Thermaltake;;забаланс
389;26695             ;Блок питания АТХ 500w FSP, Gieftec, Acbel;;забаланс
390;26689             ;Блок питания АТХ 500w FSP, Gieftec, Acbel;То в Nto;забаланс
391;1380801           ;Блок питания ИБП;Газета;забаланс
392;1380802           ;Блок питания ИБП;Газета;забаланс
393;1380800           ;Блок питания ИБП;Учебный класс;забаланс
394;1380799           ;Блок питания ИБП;Бухгалтерия;забаланс
395;1380797           ;Блок питания ИБП;зам директора;забаланс
396;1380908           ;Блок питания ИБПBack -UPS 500RS;Верстка;забаланс
397;1380526           ;Видеокарта;;забаланс
398;1380566           ;Видеокарта;;забаланс
399;1380745           ;Видеокарта;Склад;забаланс
400;1380750           ;Видеокарта;;забаланс
401;1380747           ;Видеокарта;То №5 комп;забаланс
402;1380749           ;Видеокарта;;забаланс
403;1380748           ;Видеокарта;;забаланс
404;1380831           ;Видеокарта PCI-EX;;забаланс
405;26724             ;Видеокарта PCI-EX  Nvidia Palit 512 MB 9400GТ;Склад;забаланс
406;1380918           ;Видеокарта PCI-EX Radeon ASUS;;забаланс
407;1380674           ;Видеоплата;;забаланс
408;1380596           ;Видеоплата;;забаланс
409;1041489032;Винчестер 1000 GB WD WD10EARS (5400rpm) 64Mb;;забаланс
410;1380827           ;Винчестер 120GB;;забаланс
411;1380737;Винчестер 160 GB;;забаланс
412;1380741           ;Винчестер 160 GB;Склад №29 ;забаланс
413;1380744           ;Винчестер 160 GB;То шкаф;забаланс
414;1380738           ;Винчестер 160 GB;;забаланс
415;1041489034;Винчестер 160 GB WD IDE 1600AAJB (7200) 8Mb;То шкаф;забаланс
416;1041489036        ;Винчестер 250 GB Western Digital WD 2500AAKS;;забаланс
417;1041489037        ;Винчестер 250 GB Western Digital WD 2500AAKS;;забаланс
418;1380917           ;Винчестер 250 GB Western Digital WD2500YS;Склад №39 комп;забаланс
419;1700053           ;Винчестер 320 GB Seagate SATA-II ST3320620AS 16Mb NCG;;забаланс
420;26691;"Винчестер для ноутбука (2,5"", IDE) 250 GB WD2500BEVE (5400rpm8Mb)";;забаланс
421;1380628           ;Гарнитура;Склад;забаланс
422;1380610           ;Жесткий диск;;забаланс
423;1380713           ;Жесткий диск 160 G;Склад;забаланс
424;1380688           ;Жесткий диск 200 G Samsung;;забаланс
425;1380689;Жесткий диск 200G Samsung;;забаланс
426;1380440           ;Жесткий диск HDD-80;Склад комп №40;забаланс
427;9395179 (34202201400003)    ;Жесткий диск внешний 2,5 A-BUFFALO 1000Gb;;забаланс
428;1630105           ;Зарядное устройство;Газета;забаланс
429;1630201           ;Зарядное устройство;Опер2;забаланс
430;1380878           ;Зарядное устройство VL-2PIVS;Опер;забаланс
431;1380804           ;Звуковая карта;;забаланс
432;1630122           ;Звуковая карта;То шкаф;забаланс
433;1700041           ;Звуковая карта SB Creative X-fI Xtreme Audio;То шкаф;забаланс
434;1380594           ;Звуковая плата;;забаланс
435;1380595           ;Звуковая плата;;забаланс
436;1380577           ;ИБП;;забаланс
437;1380518           ;ИБП;То;забаланс
438;1380567           ;ИБП;Опер2;забаланс
439;1380597           ;ИБП;Опер2;забаланс
440;1380613           ;ИБП;ТВ-редакторы;забаланс
441;1380623           ;ИБП;ТРПЦ;забаланс
442;1700045           ;ИБП APC back/UPS 500RS;;забаланс
443;26645             ;ИБП APC back/UPS 500RS;Склад;забаланс
444;26688             ;ИБП APC BE525-RS Back UPS ES 525 VA 230V;Реклама;забаланс
445;26733-1           ;ИБП Ippon 600 BACK Power PRO;Опер;забаланс
446;9395254 (36503201800001)     ;ИБП Ippon Back Basic 650 Euro 360 Вт 650ВА 7Ач черный;;забаланс
447;9395253 (36503201800004)           ;ИБП Ippon Back Basic 650 Euro 360 Вт 650ВА 7Ач черный;ИТ отдел;забаланс
448;9395252           ;ИБП Ippon Back Basic 650 Euro 360 Вт 650ВА 7Ач черный;;забаланс
449;9395250 (36503201800002);ИБП Ippon Back Basic 650 Euro 360 Вт 650ВА 7Ач черный;Опер;забаланс
450;9395185           ;ИБП Ippon Bask Power Pro 700;То;забаланс
451;26709             ;ИБП Ippon Bask Verso 600 (евророзетка);;забаланс
452;1380680           ;ИБП Powerman;;забаланс
453;1380557           ;Источник питания;Студия звука;забаланс
454;1380675           ;Источник питания ИБП;Реклама;забаланс
455;9395323 (36204202200006)       ;Карандаш Lenspen Minipro II (MP-2) улучшенный для очистки оптики;;забаланс
456;9395326 (36204202200003)         ;Карандаш Lenspen Minipro II (MP-2) улучшенный для очистки оптики;Опер2;забаланс
457;9395325 (36204202200004)          ;Карандаш Lenspen Minipro II (MP-2) улучшенный для очистки оптики;;забаланс
458;9395324 (36204202200005)         ;Карандаш Lenspen Minipro II (MP-2) улучшенный для очистки оптики;Опер;забаланс
459;1380778           ;Клавиатура;;забаланс
460;1380779           ;Клавиатура;;забаланс
461;1630232           ;Клавиатура;;забаланс
462;1380780           ;Клавиатура;;забаланс
463;1380781           ;Клавиатура;ТВ-студия;забаланс
464;1630117           ;Клавиатура;;забаланс
465;1630183;Клавиатура;;забаланс
466;1380913           ;Клавиатура Defender KM-970W мультимедийная;;забаланс
467;26731             ;Клавиатура Genius lim Star 100;;забаланс
468;1630114           ;Колонка;ТРПЦ;забаланс
469;1630116;Колонка;;забаланс
470;1630234           ;Колонки;Бухгалтерия;забаланс
471;1630200-1         ;Колонки;;забаланс
472;1630200           ;Колонки;Опер2;забаланс
473;1630097           ;Колонки;Реклама;забаланс
474;1630093           ;Колонки;Реклама;забаланс
475;1380814           ;Колонки;Опер;забаланс
476;1380812;Колонки;Студия звука;забаланс
477;1380794           ;Колонки;;забаланс
478;1630236           ;Колонки;зам директора;забаланс
479;1630255           ;Колонки;Секретарь;забаланс
480;1380792           ;Колонки;Опер2;забаланс
481;1380793           ;Колонки;ТРПЦ;забаланс
482;1630235           ;Колонки;;забаланс
483;1380791           ;Колонки;ТВ-студия;забаланс
484;1380576           ;Колонки A.A.Draster;;забаланс
485;26642             ;Колонки Genius SP-S350;ИТ отдел;забаланс
486;26708             ;Колонки Genius SP-Е200 2*3 Вт RMS;ТРПЦ;забаланс
487;1700005           ;Колонки Sven MA -230 (18W*2RMS)серебро;То;забаланс
488;9395148           ;Корпус;;забаланс
489;1380615           ;Корпус;То комп №42;забаланс
490;1380563           ;Корпус;Склад;забаланс
491;1380578           ;Корпус;Склад №29 ;забаланс
492;1380586           ;Корпус;;забаланс
493;9395150           ;Корпус ASVS TA-250;;забаланс
494;1380811           ;Корпус ASVS TA-250;То №5 комп;забаланс
495;26704             ;Корпус Classix Black Town XP, USB, Black ATX;Реклама №6 комп;забаланс
496;26636             ;Корпус Foxconn;Склад;забаланс
497;1380776           ;Корпус Foxconn;;забаланс
498;1380775           ;Корпус Foxconn;;забаланс
499;1380774           ;Корпус Foxconn;;забаланс
500;1380773;Корпус Foxconn;;забаланс
501;1380772           ;Корпус Foxconn;Директор;забаланс
502;1380771           ;Корпус Foxconn;;забаланс
503;1700046           ;Корпус Foxconn 3Gtla-776A 350w ATX;;забаланс
504;1380914           ;Корпус Foxconn TSAA-804 (чёрный);;забаланс
505;1700063           ;Корпус MICROLAB M4704 360W BLACK+SILVER;Склад;забаланс
506;1380920           ;Корпус Microlab M4810;Склад №39 комп;забаланс
507;1380568           ;Корпус Mioro;;забаланс
508;138506            ;Корпус Рокс;;забаланс
509;1380436           ;Корпус черный сер.;;забаланс
510;9395282 (34406202100001);Кофр для камеры GreenBean ForWard 01;;забаланс
511;9395277  (34206202100001)      ;Кофр для камеры GreenBean ForWard 01;Опер;забаланс
512;9395263 (34203201900001)          ;Маршрутизатор TP-Link Archer C1200 AC1200;;забаланс
513;1380509           ;Микрофон;То стеллаж;забаланс
514;1380447           ;Микрофон;То стеллаж;забаланс
515;1380602           ;Микрофон;То стеллаж;забаланс
516;1380630           ;Микрофон;То стеллаж;забаланс
517;1380631           ;Микрофон;То стеллаж;забаланс
518;1380449           ;Микрофон-стойка;Студия звука;забаланс
519;1380448           ;Микрофон-стойка;Склад;забаланс
520;1380504           ;Модуль;;забаланс
521;1380508-1         ;Модуль;;забаланс
522;1381936           ;Модуль памяти;;забаланс
523;26693             ;Модуль памяти SO-DDIM DDR400 512 Mb Kingmax;;забаланс
524;26692             ;Модуль памяти SO-DDIM DDR400 512 Mb Kingmax;;забаланс
525;1700010;Модуль памяти USB 2.0 4G TRANSCEND 150x (TS4GJF 150);;забаланс
526;1380866           ;Модуль память DIMM DDR2 512 MВ;;забаланс
527;1380865           ;Модуль память DIMM DDR2 512 MВ;;забаланс
528;1630111           ;Мультиметр;;забаланс
529;9395193           ;Накопитель 16 Gb Flash USB;;забаланс
530;9395194           ;Накопитель 8 Gb Flash USB;;забаланс
531;26725             ;Накопитель Flash USB DRIVE USB 2.0;;забаланс
532;1380505-1         ;Накопительная HDD;;забаланс
533;1380669           ;Память;То №5 комп;забаланс
534;1380580           ;Память;То шкаф;забаланс
535;1380565           ;Память;То шкаф;забаланс
536;1380564           ;Память;То шкаф;забаланс
537;1380670           ;Память;То №5 комп;забаланс
538;26665             ;Память DDR 512 МВ Samsung;Склад №29;забаланс
539;26653             ;Память DDR 512 МВ Samsung;;забаланс
540;26664             ;Память DDR 512 МВ Samsung;Склад №29;забаланс
541;26663             ;Память DDR 512 МВ Samsung;То шкаф;забаланс
542;26750             ;Память DDRAM  DDR1024 MB PC640  800MHz Kingston;;забаланс
543;26719             ;Память DDRAM  DDR1024 MB PC6400 800MHz Samsung;;забаланс
544;26721             ;Память DDRAM  DDR1024 MB PC6400 800MHz Samsung;То В AirServer №44;забаланс
545;26720             ;Память DDRAM  DDR1024 MB PC6400 800MHz Samsung;То В AirServer №44;забаланс
546;1380734;Память DDRAM 512;Склад комп №40;забаланс
547;1380731           ;Память DDRAM 512;То шкаф;забаланс
548;1380725           ;Память DDRAM 512;Склад;забаланс
549;1380732           ;Память DDRAM 512;То шкаф;забаланс
550;1380733           ;Память DDRAM 512;Склад комп №40;забаланс
551;1380735           ;Память DDRAM 512;Склад;забаланс
552;26752             ;Память DDRAM DDR 2 1024 MB PC6400 800MHz Kingston;;забаланс
553;26751             ;Память DDRAM DDR 2 1024 MB PC6400 800MHz Kingston;;забаланс
554;041489054         ;Память DDRAM DDR 2 1024 MB PC6400 800MHz Hynix-1;То №5 комп;забаланс
555;041489056         ;Память DDRAM DDR 2 1024 MB PC6400 800MHz Hynix-1;;забаланс
556;041489055         ;Память DDRAM DDR 2 1024 MB PC6400 800MHz Hynix-1;То №5 комп;забаланс
557;1380916           ;Память DDRAM DDR2 512 MB Samsung;;забаланс
558;1700061           ;Память DDRAM512  МВ РС3200;;забаланс
559;1700062           ;Память DDRAM512  МВ РС3200;;забаланс
560;1381935           ;Память DIMM DDR;То шкаф;забаланс
561;1380507-1         ;Плата;;забаланс
562;1630196           ;Пояс предохранительный;;забаланс
563;1380558           ;Привод;;забаланс
564;1380593           ;Привод;То В AirServer №44;забаланс
565;9395153           ;Привод DVD;;забаланс
566;1380641           ;Привод DVD;То комп №42;забаланс
567;1380541           ;Привод DVD;Склад №39 комп;забаланс
568;1380592           ;Привод DVD;Склад;забаланс
569;1380665           ;Привод DVD;;забаланс
570;1380671           ;Привод DVD;;забаланс
571;1380717           ;Привод DVD;;забаланс
572;1380572           ;Привод FDD;;забаланс
573;1380672           ;Привод FDD 3.5 Soni;;забаланс
574;1380869           ;Привод NEC;;забаланс
575;1630218           ;Привод д/дискет;;забаланс
576;9395264 (34204201900001)         ;Приемник спутниковый цифровой GI-8120HD;ТРПЦ;забаланс
577;9395285 (34203202100003)       ;Приемник эфирный HD980D DVB-T2 Selenga;То шкаф;забаланс
578;9395286 (34203202100004)        ;Приемник эфирный HD980D DVB-T2 Selenga;То шкаф;забаланс
579;1630113           ;Прожектор;Склад;забаланс
580;1630112           ;Прожектор;Склад;забаланс
581;1380489           ;Проигрыватель Techick;Склад;забаланс
582;1380490           ;Проигрыватель Techick;Склад;забаланс
583;1380491           ;Проигрыватель Techick;Склад;забаланс
584;101041489035      ;Процессор Intel (Socet 775) Core 2 Duo E5300 2.6GHz;;забаланс
585;1380902           ;Процессор Intel (Socet 775) Pentium-D(925) 3,0 GHz 800 MHz;;забаланс
586;1380852           ;Процессор S775 Intel;То комп №42;забаланс
587;26660             ;Радиостанция Kenwod TK 150;;забаланс
588;26661             ;Радиостанция Kenwod TK 150;;забаланс
589;26662             ;Радиостанция Kenwod TK 150;;забаланс
590;9395190           ;Ресивер DVB-C Rolsen RDB-402 для кабельного цифрового ТВ;То шкаф;забаланс
591;9395188           ;Ресивер DVB-T2 Telefunken TF-DVBT203;То шкаф;забаланс
592;1380516           ;Сетевая карта;То шкаф;забаланс
593;1380514           ;Сетевая карта;;забаланс
594;1380515           ;Сетевая карта;;забаланс
595;1380512           ;Сетевая карта;То комп №42;забаланс
596;1380626           ;Сетевая плата;То шкаф;забаланс
597;26697             ;Сетевая плата D-Link DFE-520TX 10/100PCI-bus адаптер;;забаланс
598;1380517           ;Сетевой адаптер;Склад;забаланс
599;1630199           ;Сетевой ком.;;забаланс
600;1630192           ;Сетевой фильтр;;забаланс
601;1630193           ;Сетевой фильтр;;забаланс
602;1630264           ;Сетевой фильтр;;забаланс
603;1630194           ;Сетевой фильтр;;забаланс
604;1630094           ;Сетевой фильтр;;забаланс
605;9395251 (36502201800003)          ;Сетевой фильтр (6 розеток) 3 метра;;забаланс
606;9395255 (36502201800001)       ;Сетевой фильтр (6 розеток) 3 метра;;забаланс
607;9395256 (36502201800004)        ;Сетевой фильтр (6 розеток) 3 метра;;забаланс
608;9395257 (36502201800002)          ;Сетевой фильтр (6 розеток) 3 метра;;забаланс
609;1380759           ;Системная плата;Склад;забаланс
610;1380761           ;Системная плата;Склад №29;забаланс
611;1380853           ;Системная плата S775;То В AirServer №44;забаланс
612;1380513           ;Сканер;Тв-студия;забаланс
613;9395234 (34203201800001)          ;Сканер Canon CanonScan LIDE 220;;забаланс
614;1700064           ;Сканер Canon PI/A4 Lide 25;;забаланс
615;9395111 (34205201200001)         ;Сканер HP ScanJet 2410C;То;забаланс
616;9395189           ;Спутниковый  DVB-S2  ресивер KATHREIN UFS 910 sw PVR;;забаланс
617;9395319 (34203202200004)         ;Стабилизатор трехосевой Feiyu Vimble 2A;То шкаф;забаланс
618;1380330           ;Стойка микрофона;Опер2;забаланс
619;1380328           ;Стойка микрофона;Опер2;забаланс
620;1380329           ;Стойка микрофона;То шкаф слева;забаланс
621;1380327           ;Стойка микрофона;Склад;забаланс
622;1380897           ;Стойка микрофонная Superlux;;забаланс
623;1380898           ;Стойка микрофонная Superlux;;забаланс
624;9395235  (36202201800003)         ;Сумка DEXP V004/DVI004NB Black;Газета;забаланс
625;9395236 (36202201800001)      ;Сумка DEXP V004/DVI004NB Black;Газета у фотографа;забаланс
626;1380839           ;ТВ Тюнер;То шкаф;забаланс
627;9395107           ;"Телевизор LCD 16"" (39см)";ТРПЦ;забаланс
628;9395106           ;"Телевизор LCD 16"" (39см)";ТРПЦ;забаланс
629;1380465           ;Телевизор Panasonic;;забаланс
630;1380464           ;Телевизор Panasonic;ТРПЦ;забаланс
631;1380463           ;Телевизор Panasonic;Опер2;забаланс
632;1630132           ;Тележка для шланга;Склад;забаланс
633;1630133           ;Тележка для шланга;Склад;забаланс
634;1630134           ;Тележка для шланга;Склад;забаланс
635;1630170           ;Телефон;;забаланс
636;1630169           ;Телефон Panasonic;;забаланс
637;9395191           ;Телефон Panasonic КХ-ТS2570 RUB серебро, регулятор громкости;;забаланс
638;9395314  (36203202200005)       ;Тестер;;забаланс
639;9395309 (36203202200001)         ;Тестер кабельный;;забаланс
640;1380838           ;Тюнер внешний;ТРПЦ;забаланс
641;9395316 (34203202200001)       ;Штатив Benro T699N+MH2N штатив с фото-видео головой и держателемдля смартфона;Учебный класс;забаланс
642;9395291 (34203202100006)        ;Штатив Vinten PRO Touch 520 головка PRO5;Опер2;забаланс
643;1380457           ;Эквалайзер;Склад;забаланс
644;1380696           ;Air SERVER;То;по ркблю
645;1630308           ;Лестница 4-х секционная;ТРК коридор;по ркблю
646;1630309           ;Оконные решетки (6,03 м.кв.);ТРПЦ;по ркблю
647;1630309           ;Оконные решетки (6,03 м.кв.);ТРПЦ;по ркблю
648;1380806           ;Принтер;Склад;по ркблю
649;1380553;Системная плата;в компе Студия;по ркблю
